scaler,mean_accuracy
zscore,0.9714912280701754
robust,0.9714912280701754
minmax,0.962719298245614
l2_norm,0.8925438596491229
