scaler,mean_accuracy
robust,0.968421052631579
zscore,0.9666666666666666
minmax,0.9631578947368421
l2_norm,0.9017543859649123
